﻿sector,name
본부A,G_A1
본부A,G_A2
본부A,G_A3
본부A,G_A4
본부A,G_A5
본부A,G_A6
본부A,G_A7
본부A,G_A8
본부A,G_A9
본부A,G_A10
본부B,G_B1
본부B,G_B2
본부B,G_B3
본부B,G_B4
본부B,G_B5
본부B,G_B6
본부B,G_B7
본부B,G_B8
본부B,G_B9
본부B,G_B10
본부C,G_C1
본부C,G_C2
본부C,G_C3
본부C,G_C4
본부C,G_C5
본부C,G_C6
본부C,G_C7
본부C,G_C8
본부C,G_C9
본부C,G_C10
본부D,G_D1
본부D,G_D2
본부D,G_D3
본부D,G_D4
본부D,G_D5
본부D,G_D6
본부D,G_D7
본부D,G_D8
본부D,G_D9
본부D,G_D10
