﻿group_name,s_date,activity_id,kpi,name,priority,vcm,num
G_A1,2018.02.05,G_A1_Q_1,KFS #A1,Activity #A11,1,quality,1
G_A1,2018.02.05,G_A1_Q_2,KFS #A1,Activity #A12,2,quality,2
G_A1,2018.02.05,G_A1_P_3,KFS #A1,Activity #A13,3,productivity,3
G_A1,2018.02.05,G_A1_Y_4,KFS #A1,Activity #A14,4,yield,4
G_A1,2018.02.05,G_A1_Y_5,KFS #A1,Activity #A15,5,yield,5
G_A2,2018.02.05,G_A2_P_1,KFS #A2,Activity #A21,1,productivity,1
G_A2,2018.02.05,G_A2_Q_2,KFS #A2,Activity #A22,2,quality,2
G_A2,2018.02.05,G_A2_C_3,KFS #A2,Activity #A23,3,cost,3
G_A2,2018.02.05,G_A2_Q_4,KFS #A2,Activity #A24,4,quality,4
G_A2,2018.02.05,G_A2_C_5,KFS #A2,Activity #A25,5,cost,5
G_A3,2018.02.05,G_A3_P_1,KFS #A3,Activity #A31,1,productivity,1
G_A3,2018.02.05,G_A3_C_2,KFS #A3,Activity #A32,2,cost,2
G_A3,2018.02.05,G_A3_Q_3,KFS #A3,Activity #A33,3,quality,3
G_A3,2018.02.05,G_A3_Q_4,KFS #A3,Activity #A34,4,quality,4
G_A3,2018.02.05,G_A3_Y_5,KFS #A3,Activity #A35,5,yield,5
G_A4,2018.02.05,G_A4_D_1,KFS #A4,Activity #A41,1,delivery,1
G_A4,2018.02.05,G_A4_C_2,KFS #A4,Activity #A42,2,cost,2
G_A4,2018.02.05,G_A4_D_3,KFS #A4,Activity #A43,3,delivery,3
G_A4,2018.02.05,G_A4_P_4,KFS #A4,Activity #A44,4,productivity,4
G_A4,2018.02.05,G_A4_C_5,KFS #A4,Activity #A45,5,cost,5
G_A5,2018.02.05,G_A5_Q_1,KFS #A5,Activity #A51,1,quality,1
G_A5,2018.02.05,G_A5_Q_2,KFS #A5,Activity #A52,2,quality,2
G_A5,2018.02.05,G_A5_P_3,KFS #A5,Activity #A53,3,productivity,3
G_A5,2018.02.05,G_A5_Q_4,KFS #A5,Activity #A54,4,quality,4
G_A5,2018.02.05,G_A5_P_5,KFS #A5,Activity #A55,5,productivity,5
G_A6,2018.02.05,G_A6_Y_1,KFS #A6,Activity #A61,1,yield,1
G_A6,2018.02.05,G_A6_D_2,KFS #A6,Activity #A62,2,delivery,2
G_A6,2018.02.05,G_A6_C_3,KFS #A6,Activity #A63,3,cost,3
G_A6,2018.02.05,G_A6_P_4,KFS #A6,Activity #A64,4,productivity,4
G_A6,2018.02.05,G_A6_D_5,KFS #A6,Activity #A65,5,delivery,5
G_A7,2018.02.05,G_A7_C_1,KFS #A7,Activity #A71,1,cost,1
G_A7,2018.02.05,G_A7_Y_2,KFS #A7,Activity #A72,2,yield,2
G_A7,2018.02.05,G_A7_Y_3,KFS #A7,Activity #A73,3,yield,3
G_A7,2018.02.05,G_A7_P_4,KFS #A7,Activity #A74,4,productivity,4
G_A7,2018.02.05,G_A7_C_5,KFS #A7,Activity #A75,5,cost,5
G_A8,2018.02.05,G_A8_Q_1,KFS #A8,Activity #A81,1,quality,1
G_A8,2018.02.05,G_A8_C_2,KFS #A8,Activity #A82,2,cost,2
G_A8,2018.02.05,G_A8_P_3,KFS #A8,Activity #A83,3,productivity,3
G_A8,2018.02.05,G_A8_C_4,KFS #A8,Activity #A84,4,cost,4
G_A8,2018.02.05,G_A8_Y_5,KFS #A8,Activity #A85,5,yield,5
G_A9,2018.02.05,G_A9_Q_1,KFS #A9,Activity #A91,1,quality,1
G_A9,2018.02.05,G_A9_Q_2,KFS #A9,Activity #A92,2,quality,2
G_A9,2018.02.05,G_A9_Q_3,KFS #A9,Activity #A93,3,quality,3
G_A9,2018.02.05,G_A9_D_4,KFS #A9,Activity #A94,4,delivery,4
G_A9,2018.02.05,G_A9_P_5,KFS #A9,Activity #A95,5,productivity,5
G_A10,2018.02.05,G_A10_Y_1,KFS #A10,Activity #A101,1,yield,1
G_A10,2018.02.05,G_A10_Q_2,KFS #A10,Activity #A102,2,quality,2
G_A10,2018.02.05,G_A10_D_3,KFS #A10,Activity #A103,3,delivery,3
G_A10,2018.02.05,G_A10_Y_4,KFS #A10,Activity #A104,4,yield,4
G_A10,2018.02.05,G_A10_C_5,KFS #A10,Activity #A105,5,cost,5
G_B1,2018.02.05,G_B1_Q_1,KFS #B1,Activity #B11,1,quality,1
G_B1,2018.02.05,G_B1_Q_2,KFS #B1,Activity #B12,2,quality,2
G_B1,2018.02.05,G_B1_P_3,KFS #B1,Activity #B13,3,productivity,3
G_B1,2018.02.05,G_B1_Y_4,KFS #B1,Activity #B14,4,yield,4
G_B1,2018.02.05,G_B1_Y_5,KFS #B1,Activity #B15,5,yield,5
G_B2,2018.02.05,G_B2_P_1,KFS #B2,Activity #B21,1,productivity,1
G_B2,2018.02.05,G_B2_Q_2,KFS #B2,Activity #B22,2,quality,2
G_B2,2018.02.05,G_B2_C_3,KFS #B2,Activity #B23,3,cost,3
G_B2,2018.02.05,G_B2_Q_4,KFS #B2,Activity #B24,4,quality,4
G_B2,2018.02.05,G_B2_C_5,KFS #B2,Activity #B25,5,cost,5
G_B3,2018.02.05,G_B3_P_1,KFS #B3,Activity #B31,1,productivity,1
G_B3,2018.02.05,G_B3_C_2,KFS #B3,Activity #B32,2,cost,2
G_B3,2018.02.05,G_B3_Q_3,KFS #B3,Activity #B33,3,quality,3
G_B3,2018.02.05,G_B3_Q_4,KFS #B3,Activity #B34,4,quality,4
G_B3,2018.02.05,G_B3_Y_5,KFS #B3,Activity #B35,5,yield,5
G_B4,2018.02.05,G_B4_D_1,KFS #B4,Activity #B41,1,delivery,1
G_B4,2018.02.05,G_B4_C_2,KFS #B4,Activity #B42,2,cost,2
G_B4,2018.02.05,G_B4_D_3,KFS #B4,Activity #B43,3,delivery,3
G_B4,2018.02.05,G_B4_P_4,KFS #B4,Activity #B44,4,productivity,4
G_B4,2018.02.05,G_B4_C_5,KFS #B4,Activity #B45,5,cost,5
G_B5,2018.02.05,G_B5_Q_1,KFS #B5,Activity #B51,1,quality,1
G_B5,2018.02.05,G_B5_Q_2,KFS #B5,Activity #B52,2,quality,2
G_B5,2018.02.05,G_B5_P_3,KFS #B5,Activity #B53,3,productivity,3
G_B5,2018.02.05,G_B5_Q_4,KFS #B5,Activity #B54,4,quality,4
G_B5,2018.02.05,G_B5_P_5,KFS #B5,Activity #B55,5,productivity,5
G_B6,2018.02.05,G_B6_Y_1,KFS #B6,Activity #B61,1,yield,1
G_B6,2018.02.05,G_B6_D_2,KFS #B6,Activity #B62,2,delivery,2
G_B6,2018.02.05,G_B6_C_3,KFS #B6,Activity #B63,3,cost,3
G_B6,2018.02.05,G_B6_P_4,KFS #B6,Activity #B64,4,productivity,4
G_B6,2018.02.05,G_B6_D_5,KFS #B6,Activity #B65,5,delivery,5
G_B7,2018.02.05,G_B7_C_1,KFS #B7,Activity #B71,1,cost,1
G_B7,2018.02.05,G_B7_Y_2,KFS #B7,Activity #B72,2,yield,2
G_B7,2018.02.05,G_B7_Y_3,KFS #B7,Activity #B73,3,yield,3
G_B7,2018.02.05,G_B7_P_4,KFS #B7,Activity #B74,4,productivity,4
G_B7,2018.02.05,G_B7_C_5,KFS #B7,Activity #B75,5,cost,5
G_B8,2018.02.05,G_B8_Q_1,KFS #B8,Activity #B81,1,quality,1
G_B8,2018.02.05,G_B8_C_2,KFS #B8,Activity #B82,2,cost,2
G_B8,2018.02.05,G_B8_P_3,KFS #B8,Activity #B83,3,productivity,3
G_B8,2018.02.05,G_B8_C_4,KFS #B8,Activity #B84,4,cost,4
G_B8,2018.02.05,G_B8_Y_5,KFS #B8,Activity #B85,5,yield,5
G_B9,2018.02.05,G_B9_Q_1,KFS #B9,Activity #B91,1,quality,1
G_B9,2018.02.05,G_B9_Q_2,KFS #B9,Activity #B92,2,quality,2
G_B9,2018.02.05,G_B9_Q_3,KFS #B9,Activity #B93,3,quality,3
G_B9,2018.02.05,G_B9_D_4,KFS #B9,Activity #B94,4,delivery,4
G_B9,2018.02.05,G_B9_P_5,KFS #B9,Activity #B95,5,productivity,5
G_B10,2018.02.05,G_B10_Y_1,KFS #B10,Activity #B101,1,yield,1
G_B10,2018.02.05,G_B10_Q_2,KFS #B10,Activity #B102,2,quality,2
G_B10,2018.02.05,G_B10_D_3,KFS #B10,Activity #B103,3,delivery,3
G_B10,2018.02.05,G_B10_Y_4,KFS #B10,Activity #B104,4,yield,4
G_B10,2018.02.05,G_B10_C_5,KFS #B10,Activity #B105,5,cost,5
G_C1,2018.02.05,G_C1_Q_1,KFS #C1,Activity #C11,1,quality,1
G_C1,2018.02.05,G_C1_Q_2,KFS #C1,Activity #C12,2,quality,2
G_C1,2018.02.05,G_C1_P_3,KFS #C1,Activity #C13,3,productivity,3
G_C1,2018.02.05,G_C1_Y_4,KFS #C1,Activity #C14,4,yield,4
G_C1,2018.02.05,G_C1_Y_5,KFS #C1,Activity #C15,5,yield,5
G_C2,2018.02.05,G_C2_P_1,KFS #C2,Activity #C21,1,productivity,1
G_C2,2018.02.05,G_C2_Q_2,KFS #C2,Activity #C22,2,quality,2
G_C2,2018.02.05,G_C2_C_3,KFS #C2,Activity #C23,3,cost,3
G_C2,2018.02.05,G_C2_Q_4,KFS #C2,Activity #C24,4,quality,4
G_C2,2018.02.05,G_C2_C_5,KFS #C2,Activity #C25,5,cost,5
G_C3,2018.02.05,G_C3_P_1,KFS #C3,Activity #C31,1,productivity,1
G_C3,2018.02.05,G_C3_C_2,KFS #C3,Activity #C32,2,cost,2
G_C3,2018.02.05,G_C3_Q_3,KFS #C3,Activity #C33,3,quality,3
G_C3,2018.02.05,G_C3_Q_4,KFS #C3,Activity #C34,4,quality,4
G_C3,2018.02.05,G_C3_Y_5,KFS #C3,Activity #C35,5,yield,5
G_C4,2018.02.05,G_C4_D_1,KFS #C4,Activity #C41,1,delivery,1
G_C4,2018.02.05,G_C4_C_2,KFS #C4,Activity #C42,2,cost,2
G_C4,2018.02.05,G_C4_D_3,KFS #C4,Activity #C43,3,delivery,3
G_C4,2018.02.05,G_C4_P_4,KFS #C4,Activity #C44,4,productivity,4
G_C4,2018.02.05,G_C4_C_5,KFS #C4,Activity #C45,5,cost,5
G_C5,2018.02.05,G_C5_Q_1,KFS #C5,Activity #C51,1,quality,1
G_C5,2018.02.05,G_C5_Q_2,KFS #C5,Activity #C52,2,quality,2
G_C5,2018.02.05,G_C5_P_3,KFS #C5,Activity #C53,3,productivity,3
G_C5,2018.02.05,G_C5_Q_4,KFS #C5,Activity #C54,4,quality,4
G_C5,2018.02.05,G_C5_P_5,KFS #C5,Activity #C55,5,productivity,5
G_C6,2018.02.05,G_C6_Y_1,KFS #C6,Activity #C61,1,yield,1
G_C6,2018.02.05,G_C6_D_2,KFS #C6,Activity #C62,2,delivery,2
G_C6,2018.02.05,G_C6_C_3,KFS #C6,Activity #C63,3,cost,3
G_C6,2018.02.05,G_C6_P_4,KFS #C6,Activity #C64,4,productivity,4
G_C6,2018.02.05,G_C6_D_5,KFS #C6,Activity #C65,5,delivery,5
G_C7,2018.02.05,G_C7_C_1,KFS #C7,Activity #C71,1,cost,1
G_C7,2018.02.05,G_C7_Y_2,KFS #C7,Activity #C72,2,yield,2
G_C7,2018.02.05,G_C7_Y_3,KFS #C7,Activity #C73,3,yield,3
G_C7,2018.02.05,G_C7_P_4,KFS #C7,Activity #C74,4,productivity,4
G_C7,2018.02.05,G_C7_C_5,KFS #C7,Activity #C75,5,cost,5
G_C8,2018.02.05,G_C8_Q_1,KFS #C8,Activity #C81,1,quality,1
G_C8,2018.02.05,G_C8_C_2,KFS #C8,Activity #C82,2,cost,2
G_C8,2018.02.05,G_C8_P_3,KFS #C8,Activity #C83,3,productivity,3
G_C8,2018.02.05,G_C8_C_4,KFS #C8,Activity #C84,4,cost,4
G_C8,2018.02.05,G_C8_Y_5,KFS #C8,Activity #C85,5,yield,5
G_C9,2018.02.05,G_C9_Q_1,KFS #C9,Activity #C91,1,quality,1
G_C9,2018.02.05,G_C9_Q_2,KFS #C9,Activity #C92,2,quality,2
G_C9,2018.02.05,G_C9_Q_3,KFS #C9,Activity #C93,3,quality,3
G_C9,2018.02.05,G_C9_D_4,KFS #C9,Activity #C94,4,delivery,4
G_C9,2018.02.05,G_C9_P_5,KFS #C9,Activity #C95,5,productivity,5
G_C10,2018.02.05,G_C10_Y_1,KFS #C10,Activity #C101,1,yield,1
G_C10,2018.02.05,G_C10_Q_2,KFS #C10,Activity #C102,2,quality,2
G_C10,2018.02.05,G_C10_D_3,KFS #C10,Activity #C103,3,delivery,3
G_C10,2018.02.05,G_C10_Y_4,KFS #C10,Activity #C104,4,yield,4
G_C10,2018.02.05,G_C10_C_5,KFS #C10,Activity #C105,5,cost,5
G_D1,2018.02.05,G_D1_Q_1,KFS #D1,Activity #D11,1,quality,1
G_D1,2018.02.05,G_D1_Q_2,KFS #D1,Activity #D12,2,quality,2
G_D1,2018.02.05,G_D1_P_3,KFS #D1,Activity #D13,3,productivity,3
G_D1,2018.02.05,G_D1_Y_4,KFS #D1,Activity #D14,4,yield,4
G_D1,2018.02.05,G_D1_Y_5,KFS #D1,Activity #D15,5,yield,5
G_D2,2018.02.05,G_D2_P_1,KFS #D2,Activity #D21,1,productivity,1
G_D2,2018.02.05,G_D2_Q_2,KFS #D2,Activity #D22,2,quality,2
G_D2,2018.02.05,G_D2_C_3,KFS #D2,Activity #D23,3,cost,3
G_D2,2018.02.05,G_D2_Q_4,KFS #D2,Activity #D24,4,quality,4
G_D2,2018.02.05,G_D2_C_5,KFS #D2,Activity #D25,5,cost,5
G_D3,2018.02.05,G_D3_P_1,KFS #D3,Activity #D31,1,productivity,1
G_D3,2018.02.05,G_D3_C_2,KFS #D3,Activity #D32,2,cost,2
G_D3,2018.02.05,G_D3_Q_3,KFS #D3,Activity #D33,3,quality,3
G_D3,2018.02.05,G_D3_Q_4,KFS #D3,Activity #D34,4,quality,4
G_D3,2018.02.05,G_D3_Y_5,KFS #D3,Activity #D35,5,yield,5
G_D4,2018.02.05,G_D4_D_1,KFS #D4,Activity #D41,1,delivery,1
G_D4,2018.02.05,G_D4_C_2,KFS #D4,Activity #D42,2,cost,2
G_D4,2018.02.05,G_D4_D_3,KFS #D4,Activity #D43,3,delivery,3
G_D4,2018.02.05,G_D4_P_4,KFS #D4,Activity #D44,4,productivity,4
G_D4,2018.02.05,G_D4_C_5,KFS #D4,Activity #D45,5,cost,5
G_D5,2018.02.05,G_D5_Q_1,KFS #D5,Activity #D51,1,quality,1
G_D5,2018.02.05,G_D5_Q_2,KFS #D5,Activity #D52,2,quality,2
G_D5,2018.02.05,G_D5_P_3,KFS #D5,Activity #D53,3,productivity,3
G_D5,2018.02.05,G_D5_Q_4,KFS #D5,Activity #D54,4,quality,4
G_D5,2018.02.05,G_D5_P_5,KFS #D5,Activity #D55,5,productivity,5
G_D6,2018.02.05,G_D6_Y_1,KFS #D6,Activity #D61,1,yield,1
G_D6,2018.02.05,G_D6_D_2,KFS #D6,Activity #D62,2,delivery,2
G_D6,2018.02.05,G_D6_C_3,KFS #D6,Activity #D63,3,cost,3
G_D6,2018.02.05,G_D6_P_4,KFS #D6,Activity #D64,4,productivity,4
G_D6,2018.02.05,G_D6_D_5,KFS #D6,Activity #D65,5,delivery,5
G_D7,2018.02.05,G_D7_C_1,KFS #D7,Activity #D71,1,cost,1
G_D7,2018.02.05,G_D7_Y_2,KFS #D7,Activity #D72,2,yield,2
G_D7,2018.02.05,G_D7_Y_3,KFS #D7,Activity #D73,3,yield,3
G_D7,2018.02.05,G_D7_P_4,KFS #D7,Activity #D74,4,productivity,4
G_D7,2018.02.05,G_D7_C_5,KFS #D7,Activity #D75,5,cost,5
G_D8,2018.02.05,G_D8_Q_1,KFS #D8,Activity #D81,1,quality,1
G_D8,2018.02.05,G_D8_C_2,KFS #D8,Activity #D82,2,cost,2
G_D8,2018.02.05,G_D8_P_3,KFS #D8,Activity #D83,3,productivity,3
G_D8,2018.02.05,G_D8_C_4,KFS #D8,Activity #D84,4,cost,4
G_D8,2018.02.05,G_D8_Y_5,KFS #D8,Activity #D85,5,yield,5
G_D9,2018.02.05,G_D9_Q_1,KFS #D9,Activity #D91,1,quality,1
G_D9,2018.02.05,G_D9_Q_2,KFS #D9,Activity #D92,2,quality,2
G_D9,2018.02.05,G_D9_Q_3,KFS #D9,Activity #D93,3,quality,3
G_D9,2018.02.05,G_D9_D_4,KFS #D9,Activity #D94,4,delivery,4
G_D9,2018.02.05,G_D9_P_5,KFS #D9,Activity #D95,5,productivity,5
G_D10,2018.02.05,G_D10_Y_1,KFS #D10,Activity #D101,1,yield,1
G_D10,2018.02.05,G_D10_Q_2,KFS #D10,Activity #D102,2,quality,2
G_D10,2018.02.05,G_D10_D_3,KFS #D10,Activity #D103,3,delivery,3
G_D10,2018.02.05,G_D10_Y_4,KFS #D10,Activity #D104,4,yield,4
G_D10,2018.02.05,G_D10_C_5,KFS #D10,Activity #D105,5,cost,5
